name,domain,status,destination_type,careers_url,job_board_url,ats_provider,ats_slug,open_jobs,discovery_method,confidence
10up,10up.com,verified,custom_page,https://10up.com/careers/,,,,0,seed,0.7
15Five,15five.com,verified,custom_page,https://www.15five.com/about/careers,,,,0,seed,0.7
1Password,1password.com,verified,custom_page,https://1password.com/careers,,,,0,seed,0.7
37signals,37signals.com,not_found,,,,,,,,
3Blocks,3blocks.io,not_found,,,,,,,,
42 Technologies,angel.co,needs_review,,,,,,,,
90 Seconds,90seconds.com,verified,custom_page,https://90seconds.com/about/careers/,,,,0,seed,0.7
A-1 Auto Transport,a1autotransport.com,not_found,,,,,,,,
abiturma GmbH,abiturma.de,verified,custom_page,https://www.abiturma.de/jobs/kursleiterin,,,,0,seed,0.7
Ably,ably.io,needs_review,,,,,,,,
Abstract,abstractapi.com,not_found,,,,,,,,
Acquia,acquia.com,verified,custom_page,https://www.acquia.com/careers/open-positions,,,,0,seed,0.7
activecampaign,activecampaign.com,verified,custom_page,https://www.activecampaign.com/careers,,,,0,seed,0.7
Ad Hoc,adhocteam.us,verified,custom_page,https://adhocteam.us/join/,,,,0,seed,0.7
Adaface,angel.co,needs_review,,,,,,,,
addstructure,bazaarvoice.com,verified,ats_board,https://jobs.lever.co/bazaarvoice,https://jobs.lever.co/bazaarvoice,lever,bazaarvoice,25,slug_probe,0.9
Adeva,adevait.com,verified,custom_page,https://adevait.com/careers/job-openings,,,,0,seed,0.7
Adzuna,adzuna.co.uk,verified,custom_page,https://www.adzuna.co.uk/jobs/search?cmp=31381,,,,0,seed,0.7
Aerolab,aerolab.co,needs_review,,,,,,,,
Aerostrat,aerostratsoftware.com,verified,custom_page,https://aerostratsoftware.com/careers/,,,,0,seed,0.7
AEStudio,ae.studio,verified,custom_page,https://ae.studio/join-us,,,,0,seed,0.7
Aha!,aha.io,needs_review,,,,,,,,
Aiir,aiir.com,needs_review,,,,,,,,
AIM India,aimincorp.com,needs_review,,,,,,,,
Airbyte,airbyte.com,needs_review,,,,,,,,
AirGarage,airgarage.com,verified,custom_page,https://www.airgarage.com/careers,,,,0,seed,0.7
airtreks,airtreks.com,needs_review,,,,,,,,
AIVITEX,workwise.io,needs_review,,,,,,,,
Akamai Technologies Inc,akamai.com,verified,custom_page,https://www.akamai.com/careers,,,,0,seed,0.7
Akka,akka.io,needs_review,,,,,,,,
Alami,alamisharia.co.id,needs_review,,,,,,,,
Alan,alan.com,verified,ats_board,https://jobs.ashbyhq.com/alan,https://jobs.ashbyhq.com/alan,ashby,alan,0,slug_probe,0.9
Algorand,algorand.com,verified,custom_page,https://www.algorand.com/about/careers/our-jobs,,,,0,seed,0.7
Algorithmia,algorithmia.com,not_found,,,,,,,,
ALICE,aliceplatform.com,verified,custom_page,https://www.aliceplatform.com/careers,,,,0,seed,0.7
Alight Solutions,alight.com,needs_review,,,,,,,,
Alley,alley.co,verified,custom_page,https://alley.co/careers/,,,,0,seed,0.7
ALLYDVM,weworkremotely.com,needs_review,,,,,,,,
AlphaSights>,alphasights.com,needs_review,,,,,,,,
Amazon,amazon.jobs,needs_review,,,,,,,,
Ambaum,ambaum.com,verified,custom_page,https://ambaum.com/careers,,,,0,seed,0.7
Andela,andela.com,verified,ats_board,https://jobs.ashbyhq.com/andela,https://jobs.ashbyhq.com/andela,ashby,andela,0,slug_probe,0.9
animalz,animalz.co,not_found,,,,,,,,
Annertech,annertech.com,verified,custom_page,https://www.annertech.com/careers,,,,0,seed,0.7
Anomali,lever.co,verified,ats_board,https://jobs.lever.co/anomali,https://jobs.lever.co/anomali,lever,anomali,0,seed,0.9
Apartment Therapy,apartmenttherapy.com,verified,custom_page,https://www.apartmenttherapy.com/jobs,,,,0,seed,0.7
Appcues,appcues.com,needs_review,,,,,,,,
Appen,lever.co,verified,ats_board,https://jobs.lever.co/appen-2,https://jobs.lever.co/appen-2,lever,appen-2,0,seed,0.9
Appinio,appinio.com,needs_review,,,,,,,,
Applaudo,bit.ly,needs_review,,,,,,,,
Applied AI Company (AAICO),aaico.com,not_found,,,,,,,,
Appstractor,appstractor.com,not_found,,,,,,,,
Appwrite,appwrite.io,not_found,,,,,,,,
Argyle,argyle.com,verified,custom_page,https://argyle.com/careers#open-positions,,,,0,seed,0.7
Arkency,arkency.com,verified,custom_page,https://blog.arkency.com/join-our-team/,,,,0,seed,0.7
Art & Logic,artandlogic.com,verified,custom_page,https://artandlogic.com/careers/,,,,0,seed,0.7
Artefactual Systems Inc.,breezy.hr,needs_review,,,,,,,,
Articulate,articulate.com,verified,ats_board,https://jobs.lever.co/articulate,https://jobs.lever.co/articulate,lever,articulate,2,slug_probe,0.9
Asana,asana.com,verified,custom_page,https://asana.com/jobs,,,,0,seed,0.7
Astronomer,recruitee.com,needs_review,,,,,,,,
Atento,gupy.io,not_found,,,,,,,,
Atlassian,atlassian.com,not_found,,,,,,,,
ATOZDEBUG,linkedin.com,needs_review,,,,,,,,
Audiense,audiense.com,verified,custom_page,https://aboutus.audiense.com/careers,,,,0,seed,0.7
Aula Education,notion.site,needs_review,,,,,,,,
Auth0,auth0.com,verified,custom_page,https://auth0.com/jobs,,,,0,seed,0.7
Automattic,automattic.com,verified,custom_page,https://automattic.com/work-with-us/,,,,0,seed,0.7
Axelerant,axelerant.com,verified,custom_page,https://www.axelerant.com/careers,,,,0,seed,0.7
Axios,axios.com,verified,custom_page,https://www.axios.com/careers/,,,,0,seed,0.7
Bairesdev,bairesdev.com,verified,custom_page,https://www.bairesdev.com/join-us/,,,,0,seed,0.7
Balena,workable.com,needs_review,,,,,,,,
Balsamiq,balsamiq.com,needs_review,,,,,,,,
Bandcamp,bandcamp.com,verified,custom_page,https://bandcamp.com/jobs,,,,0,seed,0.7
BandLab,workable.com,needs_review,,,,,,,,
Bandzoogle,bandzoogle.com,verified,custom_page,https://bandzoogle.com/jobs,,,,0,seed,0.7
Baremetrics,baremetrics.com,not_found,,,,,,,,
Basecamp,basecamp.com,needs_review,,,,,,,,
Bear Group,beargroup.com,not_found,,,,,,,,
BeBanjo,bebanjo.com,needs_review,,,,,,,,
BeenVerified,beenverified.com,verified,custom_page,https://www.beenverified.com/careers/,,,,0,seed,0.7
Best Practical Solutions,bestpractical.com,verified,custom_page,https://bestpractical.com/jobs,,,,0,seed,0.7
Betable,betable.com,verified,custom_page,https://corp.betable.com/careers,,,,0,seed,0.7
BetaPeak,betapeak.com,not_found,,,,,,,,
BetterUp,betterup.com,needs_review,,,,,,,,
Beyond Company,beyondcompany.com.br,not_found,,,,,,,,
BeyondPricing,beyondpricing.com,verified,custom_page,https://www.beyondpricing.com/about/careers,,,,0,seed,0.7
BharatPe,bharatpe.com,needs_review,,,,,,,,
Big Cartel,bigcartel.com,needs_review,,,,,,,,
BigData Boutique,bigdataboutique.com,verified,custom_page,https://bigdataboutique.com/careers,,,,0,seed,0.7
Bill,bill.com,verified,custom_page,https://www.bill.com/careers,,,,0,seed,0.7
bilstein group,bilsteingroup.com,needs_review,,,,,,,,
Bit Zesty,bitzesty.com,verified,custom_page,https://bitzesty.com/careers/,,,,0,seed,0.7
Bitnami,bitnami.com,not_found,,,,,,,,
Bitovi,bitovi.com,needs_review,,,,,,,,
Bitwarden,bitwarden.com,verified,custom_page,https://bitwarden.com/careers/,,,,0,seed,0.7
Bizink,bizinkonline.com,not_found,,,,,,,,
Blameless,blameless.com,not_found,,,,,,,,
Bloc,bloc.io,needs_review,,,,,,,,
BlueCat Networks,bluecatnetworks.com,verified,custom_page,https://bluecatnetworks.com/careers/,,,,0,seed,0.7
Bluespark,bluespark.com,verified,custom_page,https://www.bluespark.com/careers,,,,0,seed,0.7
Boldare,boldare.com,needs_review,,,,,,,,
Bonsai,hellobonsai.com,not_found,,,,,,,,
Bounteous,bounteous.com,verified,custom_page,https://www.bounteous.com/careers/,,,,0,seed,0.7
Brainstorm Force,brainstormforce.com,verified,custom_page,https://brainstormforce.com/join/,,,,0,seed,0.7
Brave,brave.com,verified,custom_page,https://brave.com/careers/,,,,0,seed,0.7
Bright Funds,brightfunds.org,verified,custom_page,https://www.brightfunds.org/jobs,,,,0,seed,0.7
Brikl,brikl.com,verified,custom_page,https://www.brikl.com/jobs,,,,0,seed,0.7
BriteCore,britecore.com,needs_review,,,,,,,,
Broadwing,broadwing.io,not_found,,,,,,,,
Buffer,buffer.com,needs_review,,,,,,,,
Bugfender,mobilejazz.com,verified,custom_page,https://mobilejazz.com/jobs,,,,0,seed,0.7
BuySellAds,jobscore.com,verified,custom_page,https://careers.jobscore.com/careers/buysellads,,,,0,seed,0.7
Cabify,cabify.com,needs_review,,,,,,,,
Cal.com,cal.com,verified,custom_page,https://cal.com/careers,,,,0,seed,0.7
Calamari,calamari.pl,needs_review,,,,,,,,
Calendly,calendly.com,verified,ats_board,https://boards.greenhouse.io/calendly,https://boards.greenhouse.io/calendly,greenhouse,calendly,11,slug_probe,0.9
Calibre,calibreapp.com,verified,custom_page,https://calibreapp.com/careers,,,,0,seed,0.7
CANCOM,cancom.com,needs_review,,,,,,,,
Canonical,canonical.com,verified,custom_page,https://canonical.com/careers/all,,,,0,seed,0.7
Capchase,notion.so,needs_review,,,,,,,,
Capgemini,capgemini.com,verified,custom_page,https://www.capgemini.com/careers/,,,,0,seed,0.7
Capital One,capitalonecareers.com,not_found,,,,,,,,
Capital Placement,capital-placement.com,verified,custom_page,https://capital-placement.com/careers,,,,0,seed,0.7
Capmo,personio.de,needs_review,,,,,,,,
Carbon Black,carbonblack.com,needs_review,,,,,,,,
Cards Against Humanity,cardsagainsthumanity.com,verified,custom_page,https://www.cardsagainsthumanity.com/careers,,,,0,seed,0.7
CareCru,carecru.com,not_found,,,,,,,,
CareMessage,caremessage.org,verified,ats_board,https://jobs.lever.co/caremessage,https://jobs.lever.co/caremessage,lever,caremessage,0,slug_probe,0.9
Carmatec,carmatec.com,verified,custom_page,https://www.carmatec.com/careers/,,,,0,seed,0.7
CartoDB,cartodb.com,verified,custom_page,https://cartodb.com/jobs/,,,,0,seed,0.7
CartStack,cartstack.com,verified,custom_page,https://www.cartstack.com/careers/,,,,0,seed,0.7
Casumo,casumocareers.com,needs_review,,,,,,,,
Chainguard,chainguard.dev,verified,custom_page,https://www.chainguard.dev/careers,,,,0,seed,0.7
ChainLink Labs,chainlinklabs.com,verified,custom_page,https://chainlinklabs.com/careers,,,,0,seed,0.7
Chargify,chargify.com,not_found,,,,,,,,
charity: water,hirehive.io,needs_review,,,,,,,,
ChatGen,chatgen.ai,not_found,,,,,,,,
Checkly,checklyhq.com,verified,custom_page,https://www.checklyhq.com/careers/,,,,0,seed,0.7
Chef,chef.io,verified,custom_page,https://www.chef.io/careers/,,,,0,seed,0.7
Chess,chess.com,not_found,,,,,,,,
Chroma,chromatic.com,needs_review,,,,,,,,
CircleCI,greenhouse.io,verified,ats_board,https://boards.greenhouse.io/circleci,https://boards.greenhouse.io/circleci,greenhouse,circleci,0,seed,0.9
Circonus,circonus.com,not_found,,,,,,,,
CivicActions,civicactions.com,verified,custom_page,https://civicactions.com/careers/,,,,0,seed,0.7
Civo,civo.com,not_found,,,,,,,,
Clevertech,clevertech.biz,verified,custom_page,https://clevertech.biz/careers,,,,0,seed,0.7
ClickUp,clickup.com,verified,custom_page,https://clickup.com/careers,,,,0,seed,0.7
Clootrack,clootrack.com,verified,custom_page,https://www.clootrack.com/careers,,,,0,seed,0.7
Close,close.com,needs_review,,,,,,,,
CloudApp,getcloudapp.com,verified,custom_page,https://www.getcloudapp.com/careers,,,,0,seed,0.7
CloudBees,cloudbees.com,verified,custom_page,https://www.cloudbees.com/careers,,,,0,seed,0.7
CloudEra,myworkdayjobs.com,needs_review,,,,,,,,
CloudLinux,cloudlinux.com,needs_review,,,,,,,,
Coalition Technologies,coalitiontechnologies.com,verified,custom_page,https://coalitiontechnologies.com/jobs,,,,0,seed,0.7
Code B Solutions,code-b.dev,needs_review,,,,,,,,
Code Like a Girl,codelikeagirl.com,needs_review,,,,,,,,
Codea IT,codeait.com,not_found,,,,,,,,
CodePen,codepen.io,needs_review,,,,,,,,
CodeSandbox,codesandbox.io,verified,custom_page,https://codesandbox.io/jobs,,,,0,seed,0.7
CodingCops,codingcops.com,not_found,,,,,,,,
Cofense,cofense.com,not_found,,,,,,,,
Coforma,coforma.io,verified,custom_page,https://coforma.io/careers,,,,0,seed,0.7
Cognizant,cognizant.com,needs_review,,,,,,,,
Coinbase,coinbase.com,verified,custom_page,https://www.coinbase.com/careers/positions,,,,0,seed,0.7
Coingape,coingape.com,verified,custom_page,https://coingape.com/careers/,,,,0,seed,0.7
Collabora,collabora.com,verified,custom_page,https://www.collabora.com/careers.html,,,,0,seed,0.7
Comet,welcometothejungle.co,needs_review,,,,,,,,
Compucorp,compuco.io,needs_review,,,,,,,,
Connexa,breezy.hr,needs_review,,,,,,,,
ConsenSys Inc,consensys.net,needs_review,,,,,,,,
Consumer Financial Protection Bureau,consumerfinance.gov,needs_review,,,,,,,,
Continu,continu.com,not_found,,,,,,,,
Conversio,conversio.com,not_found,,,,,,,,
Convert,convert.com,verified,custom_page,https://www.convert.com/jobs,,,,0,seed,0.7
Coodesh,coodesh.com,not_found,,,,,,,,
Core-Apps,core-apps.com,needs_review,,,,,,,,
CoreOS,coreos.com,not_found,,,,,,,,
Corgibytes,corgibytes.com,verified,custom_page,https://corgibytes.com/careers/,,,,0,seed,0.7
Cosmic Chimps,cosmic-chimps.com,not_found,,,,,,,,
Coursera,coursera.org,verified,ats_board,https://boards.greenhouse.io/coursera,https://boards.greenhouse.io/coursera,greenhouse,coursera,17,slug_probe,0.9
CrateDB,cratedb.com,needs_review,,,,,,,,
CrazyGames,crazygames.com,needs_review,,,,,,,,
CREEX TEAM,creex.team,not_found,,,,,,,,
Crossover,crossover.com,verified,custom_page,https://www.crossover.com/jobs,,,,0,seed,0.7
Crowdstrike,jobvite.com,needs_review,,,,,,,,
Cueup,cueup.io,not_found,,,,,,,,
Customer.io,customer.io,verified,custom_page,https://customer.io/careers,,,,0,seed,0.7
Cuvette,cuvette.tech,needs_review,,,,,,,,
CVS Health,cvshealth.com,not_found,,,,,,,,
CWT,mycwt.com,needs_review,,,,,,,,
Cyber Whale,weloveremotejobs.com,needs_review,,,,,,,,
Daktronics,daktronics.com,needs_review,,,,,,,,
DappRadar,dappradar.com,verified,custom_page,https://dappradar.com/careers,,,,0,seed,0.7
darecode,darecode.com,not_found,,,,,,,,
DashboardHub,dashboardhub.io,not_found,,,,,,,,
Dashlane,dashlane.com,verified,custom_page,https://www.dashlane.com/about/careers,,,,0,seed,0.7
Data Science Brigade,dsbrigade.com,not_found,,,,,,,,
Data Science Dojo,datasciencedojo.com,verified,custom_page,https://datasciencedojo.com/about/careers,,,,0,seed,0.7
DataCamp,datacamp.com,verified,custom_page,https://datacamp.com/careers,,,,0,seed,0.7
Datadog,datadoghq.com,verified,ats_board,https://boards.greenhouse.io/datadog,https://boards.greenhouse.io/datadog,greenhouse,datadog,438,slug_probe,0.9
DataRobot,datarobot.com,verified,custom_page,https://www.datarobot.com/careers/,,,,0,seed,0.7
DataStax,datastax.com,needs_review,,,,,,,,
Dave,dave.com,verified,custom_page,https://dave.com/careers,,,,0,seed,0.7
DealDash,dealdash.com,verified,custom_page,https://www.dealdash.com/careers,,,,0,seed,0.7
Deel,ashbyhq.com,verified,ats_board,https://jobs.ashbyhq.com/Deel,https://jobs.ashbyhq.com/Deel,ashby,Deel,0,seed,0.9
Delighted,delighted.com,verified,custom_page,https://delighted.com/jobs,,,,0,seed,0.7
Designcode,designcode.io,not_found,,,,,,,,
Deskpass,deskpass.com,needs_review,,,,,,,,
Dev Spotlight,devspotlight.com,not_found,,,,,,,,
Devsquad,workable.com,needs_review,,,,,,,,
DGraph,dgraph.io,needs_review,,,,,,,,
DigitalOcean,digitalocean.com,verified,custom_page,https://www.digitalocean.com/careers,,,,0,seed,0.7
Discord,discord.com,verified,custom_page,https://discord.com/careers,,,,0,seed,0.7
Discourse,discourse.org,not_found,,,,,,,,
DNSimple,dnsimple.com,not_found,,,,,,,,
Docker,docker.com,verified,custom_page,https://www.docker.com/careers,,,,0,seed,0.7
Doist,doist.com,verified,custom_page,https://doist.com/careers,,,,0,seed,0.7
Doit,doit.com,verified,custom_page,https://careers.doit.com/jobs,,,,0,seed,0.7
Dow jones,dowjones.jobs,needs_review,,,,,,,,
Doximity,doximity.com,needs_review,,,,,,,,
Dribbble,dribbble.com,verified,custom_page,https://dribbble.com/careers/,,,,0,seed,0.7
DroneDeploy,dronedeploy.com,verified,ats_board,https://jobs.lever.co/dronedeploy,https://jobs.lever.co/dronedeploy,lever,dronedeploy,0,slug_probe,0.9
Dropbox,dropbox.com,verified,custom_page,https://www.dropbox.com/jobs,,,,0,seed,0.7
Drupal Jedi,drupaljedi.com,verified,custom_page,https://drupaljedi.com/careers,,,,0,seed,0.7
DuckDuckGo,duckduckgo.com,verified,custom_page,https://duckduckgo.com/hiring/,,,,0,seed,0.7
DynaPictures,dynapictures.com,not_found,,,,,,,,
EatStreet,eatstreet.com,verified,custom_page,https://eatstreet.com/careers,,,,0,seed,0.7
EBSCO Information Services,ebscoind.com,needs_review,,,,,,,,
Ebury,ebury.com,needs_review,,,,,,,,
Ecosmic,ecosmic.space,not_found,,,,,,,,
Edgar,meetedgar.com,verified,custom_page,https://meetedgar.com/careers,,,,0,seed,0.7
Edify,edify.cr,verified,custom_page,https://edify.cr/careers/open-positions/,,,,0,seed,0.7
Elastic,elastic.co,verified,custom_page,https://www.elastic.co/careers,,,,0,seed,0.7
Elsewhen,elsewhen.com,verified,custom_page,https://careers.elsewhen.com/jobs,,,,0,seed,0.7
Embraer,gupy.io,needs_review,,,,,,,,
Employment Hero,employmenthero.com,not_found,,,,,,,,
Emsisoft,emsisoft.com,needs_review,,,,,,,,
Encora,encora.com,needs_review,,,,,,,,
EngineYard (Support Team),engineyard.com,not_found,,,,,,,,
Enjoei,enjoei.com.br,not_found,,,,,,,,
Enok Collective,enok.co,not_found,,,,,,,,
Entrision,entrision.com,not_found,,,,,,,,
Envato,envato.com,needs_review,,,,,,,,
Envoy,envoy.com,verified,ats_board,https://jobs.ashbyhq.com/envoy,https://jobs.ashbyhq.com/envoy,ashby,envoy,0,slug_probe,0.9
EPAM,epam.com,needs_review,,,,,,,,
Epic Games,epicgames.com,verified,ats_board,https://boards.greenhouse.io/epicgames,https://boards.greenhouse.io/epicgames,greenhouse,epicgames,153,slug_probe,0.9
Epilocal,epilocal.com,needs_review,,,,,,,,
Episource,episource.com,not_found,,,,,,,,
Epsy Health,epsyhealth.com,verified,custom_page,https://epsyhealth.com/careers,,,,0,seed,0.7
Equal Experts Portugal,equalexperts.com,verified,ats_board,https://boards.greenhouse.io/equalexperts,https://boards.greenhouse.io/equalexperts,greenhouse,equalexperts,14,slug_probe,0.9
Ergeon,ergeon.com,verified,custom_page,https://www.ergeon.com/careers,,,,0,seed,0.7
Estately,estately.com,not_found,,,,,,,,
Etch,etch.co,verified,custom_page,https://etch.co/jobs,,,,0,seed,0.7
Etsy,etsy.com,needs_review,,,,,,,,
EVELO,evelo.com,not_found,,,,,,,,
Evil Martians,evilmartians.com,not_found,,,,,,,,
Evrone,evrone.com,not_found,,,,,,,,
Exoscale,exoscale.com,verified,custom_page,https://www.exoscale.com/jobs/,,,,0,seed,0.7
ExportData,exportdata.io,needs_review,,,,,,,,
Extreme Networks,extremenetworks.com,needs_review,,,,,,,,
Eyeo,eyeo.com,verified,ats_board,https://boards.greenhouse.io/eyeo,https://boards.greenhouse.io/eyeo,greenhouse,eyeo,0,slug_probe,0.9
FactorialHR,factorialhr.com,needs_review,,,,,,,,
Fairwinds Ops,fairwinds.com,verified,custom_page,https://www.fairwinds.com/careers,,,,0,seed,0.7
Faithlife,faithlife.com,verified,custom_page,https://faithlife.com/careers,,,,0,seed,0.7
Fastly,fastly.com,verified,custom_page,https://www.fastly.com/about/careers,,,,0,seed,0.7
FDTE,fdte.org.br,not_found,,,,,,,,
Fetlife,remoteok.io,needs_review,,,,,,,,
FFW Agency,ffwagency.com,not_found,,,,,,,,
Figma,figma.com,verified,ats_board,https://boards.greenhouse.io/figma,https://boards.greenhouse.io/figma,greenhouse,figma,165,slug_probe,0.9
Filament Group,filamentgroup.com,not_found,,,,,,,,
Findem,lever.co,verified,ats_board,https://jobs.lever.co/findem,https://jobs.lever.co/findem,lever,findem,0,seed,0.9
Findify,findify.io,needs_review,,,,,,,,
Fingerprint,fingerprint.com,verified,custom_page,https://fingerprint.com/careers/,,,,0,seed,0.7
Fire Engine Red,fire-engine-red.com,not_found,,,,,,,,
FireHire,firehire.ai,needs_review,,,,,,,,
First Point,firstpoint.com.tr,needs_review,,,,,,,,
FIS GLOBAL,fisglobal.com,needs_review,,,,,,,,
Fiverr,fiverr.com,verified,custom_page,https://www.fiverr.com/jobs/teams,,,,0,seed,0.7
FivexL,fivexl.io,needs_review,,,,,,,,
fleetio,fleetio.com,verified,custom_page,https://www.fleetio.com/careers,,,,0,seed,0.7
Flexera,flexera.com,needs_review,,,,,,,,
FlightAware,flightaware.com,verified,custom_page,https://flightaware.com/about/careers/,,,,0,seed,0.7
Flip,flip.id,verified,custom_page,https://career.flip.id/jobs,,,,0,seed,0.7
Flowing,flowing.it,needs_review,,,,,,,,
FlowPath,flowpath.com,needs_review,,,,,,,,
Fly.io,fly.io,verified,custom_page,https://fly.io/jobs/,,,,0,seed,0.7
FMX,gofmx.com,verified,custom_page,https://www.gofmx.com/careers/,,,,0,seed,0.7
Focusnetworks,enlizt.me,needs_review,,,,,,,,
Foh&Boh,fohandboh.com,not_found,,,,,,,,
folotop,folotop.com,needs_review,,,,,,,,
Formidable,formidable.com,verified,custom_page,https://formidable.com/careers/,,,,0,seed,0.7
Formstack,formstack.com,verified,custom_page,https://www.formstack.com/careers,,,,0,seed,0.7
Four Kitchens,fourkitchens.com,verified,custom_page,https://www.fourkitchens.com/careers/,,,,0,seed,0.7
Fraudio,fraudio.com,not_found,,,,,,,,
Freeagent,freeagent.com,not_found,,,,,,,,
Freeletics,freeletics.com,needs_review,,,,,,,,
Fuel Made,fuelmade.com,needs_review,,,,,,,,
Full Fabric,fullfabric.com,needs_review,,,,,,,,
Functionize,functionize.com,verified,custom_page,https://www.functionize.com/careers/,,,,0,seed,0.7
Fyle,fylehq.com,needs_review,,,,,,,,
Gaggle,gaggle.net,verified,custom_page,https://www.gaggle.net/careers,,,,0,seed,0.7
Geckoboard,geckoboard.com,verified,custom_page,https://www.geckoboard.com/about/careers/,,,,0,seed,0.7
General Assembly,generalassemb.ly,verified,custom_page,https://generalassemb.ly/careers,,,,0,seed,0.7
GEO Jobe,geo-jobe.com,not_found,,,,,,,,
Gerencianet,gerencianet.com.br,needs_review,,,,,,,,
GFT,gft.com,needs_review,,,,,,,,
Ghost Inspector,ghostinspector.com,verified,custom_page,https://ghostinspector.com/jobs/,,,,0,seed,0.7
Giant Swarm,giantswarm.io,verified,custom_page,https://www.giantswarm.io/careers#open-positions,,,,0,seed,0.7
Giant,giantmade.com,not_found,,,,,,,,
GigSalad,gigsalad.com,not_found,,,,,,,,
Gitbook,gitbook.com,needs_review,,,,,,,,
GitHub,github.com,needs_review,,,,,,,,
GitLab,gitlab.com,verified,custom_page,https://about.gitlab.com/jobs/,,,,0,seed,0.7
GitPrime,gitprime.com,verified,custom_page,https://gitprime.com/jobs/,,,,0,seed,0.7
Glenn Website Design,glennwebsitedesign.com,needs_review,,,,,,,,
Glitch,glitch.com,verified,ats_board,https://jobs.ashbyhq.com/glitch,https://jobs.ashbyhq.com/glitch,ashby,glitch,0,slug_probe,0.9
Gluware,gluware.com,not_found,,,,,,,,
GMBapi,gmbapi.com,needs_review,,,,,,,,
GoDaddy,godaddy.com,needs_review,,,,,,,,
GoHiring,gohiring.com,verified,custom_page,https://www.gohiring.com/jobs/#jobs,,,,0,seed,0.7
Gojob,welcometothejungle.com,needs_review,,,,,,,,
GoldFire Agency,goldfireagency.com,not_found,,,,,,,,
Gorman Health Group,conveyhealthsolutions.com,verified,custom_page,https://conveyhealthsolutions.com/careers/,,,,0,seed,0.7
Got Soccer,gotpro.com,needs_review,,,,,,,,
Grafana Labs,grafana.com,verified,custom_page,https://grafana.com/careers/,,,,0,seed,0.7
Granicus,granicus.com,verified,custom_page,https://granicus.com/careers/,,,,0,seed,0.7
Graylog,graylog.org,verified,custom_page,https://www.graylog.org/careers,,,,0,seed,0.7
GreenStitch.io,greenstitch.io,needs_review,,,,,,,,
Gremlin,gremlin.com,needs_review,,,,,,,,
Gridium,gridium.com,needs_review,,,,,,,,
Groove HQ,groovehq.com,needs_review,,,,,,,,
Grou.ps,gr.ps,verified,custom_page,https://build.gr.ps/careers/,,,,0,seed,0.7
Grubhub,grubhub.com,needs_review,,,,,,,,
Gruntwork,gruntwork.io,verified,ats_board,https://jobs.ashbyhq.com/gruntwork,https://jobs.ashbyhq.com/gruntwork,ashby,gruntwork,0,slug_probe,0.9
GuideSmiths,guidesmiths.com,not_found,,,,,,,,
Hack Reactor Remote,hackreactor.com,verified,custom_page,https://www.hackreactor.com/careers,,,,0,seed,0.7
Hanzo Archives,hanzo.co,not_found,,,,,,,,
Happy Cog,happycog.com,verified,custom_page,https://www.happycog.com/careers/,,,,0,seed,0.7
Harris Consult,harrisconsultium.com,not_found,,,,,,,,
Harvest,getharvest.com,verified,custom_page,https://www.getharvest.com/careers,,,,0,seed,0.7
Hashex,hashex.org,needs_review,,,,,,,,
HashiCorp,hashicorp.com,verified,custom_page,https://www.hashicorp.com/jobs,,,,0,seed,0.7
HE:labs,helabs.com,not_found,,,,,,,,
Headforwards,headforwards.com,verified,custom_page,https://www.headforwards.com/careers/,,,,0,seed,0.7
Headway,headway.io,verified,custom_page,https://headway.io/careers,,,,0,seed,0.7
Healthfinch,healthfinch.com,not_found,,,,,,,,
Heap,heapanalytics.com,not_found,,,,,,,,
Heetch,heetch.com,needs_review,,,,,,,,
Help Scout,helpscout.com,needs_review,,,,,,,,
Heroku,heroku.com,verified,custom_page,https://www.heroku.com/careers,,,,0,seed,0.7
Hireology,hireology.com,verified,custom_page,https://hireology.com/careers/,,,,0,seed,0.7
Homeflic wegrow,homeflicwegrow.com,verified,custom_page,https://www.homeflicwegrow.com/hiring/,,,,0,seed,0.7
"HomeValet, Inc",homevalet.co,not_found,,,,,,,,
Honeybadger,honeybadger.io,verified,custom_page,https://www.honeybadger.io/careers/,,,,0,seed,0.7
Honeycomb,honeycomb.tv,verified,ats_board,https://boards.greenhouse.io/honeycomb,https://boards.greenhouse.io/honeycomb,greenhouse,honeycomb,15,slug_probe,0.9
Hopper,hopper.com,verified,custom_page,https://www.hopper.com/careers,,,,0,seed,0.7
Hotjar,hotjar.com,not_found,,,,,,,,
Hubspot,hubspot.com,verified,custom_page,https://www.hubspot.com/careers/jobs?hubs_signup-url=www.hubspot.com%2Fcareers%2Fremote&page=1,,,,0,seed,0.7
Hubstaff,hubstaff.com,verified,ats_board,https://jobs.ashbyhq.com/hubstaff,https://jobs.ashbyhq.com/hubstaff,ashby,hubstaff,0,slug_probe,0.9
Hudl,hudl.com,verified,custom_page,https://public.hudl.com/jobs,,,,0,seed,0.7
Hugging Face,workable.com,needs_review,,,,,,,,
Hugo,hugo.events,verified,custom_page,https://hugo.events/careers,,,,0,seed,0.7
Human Made,hmn.md,verified,custom_page,https://hmn.md/hiring/,,,,0,seed,0.7
HUSL Digital,husldigital.com,not_found,,,,,,,,
Hypergiant,hypergiant.com,verified,custom_page,https://www.hypergiant.com/careers/,,,,0,seed,0.7
Hyperion Development South Africa,hyperiondev.com,not_found,,,,,,,,
Hypothesis,hypothes.is,verified,custom_page,https://hypothes.is/jobs/,,,,0,seed,0.7
I-Stem,wellfound.com,needs_review,,,,,,,,
IBM,ibm.com,verified,custom_page,https://www.ibm.com/careers,,,,0,seed,0.7
iClinic,iclinic.com.br,not_found,,,,,,,,
IDoneThis,idonethis.com,not_found,,,,,,,,
iFit,ifit.com,verified,ats_board,https://boards.greenhouse.io/ifit,https://boards.greenhouse.io/ifit,greenhouse,ifit,24,slug_probe,0.9
Igalia,igalia.com,verified,custom_page,https://www.igalia.com/jobs/,,,,0,seed,0.7
Imagine Learning,imaginelearning.com,needs_review,,,,,,,,
Impala,getimpala.com,not_found,,,,,,,,
Impira,impira.com,verified,custom_page,https://www.impira.com/careers,,,,0,seed,0.7
Implisense,implisense.com,not_found,,,,,,,,
Incsub,incsub.com,verified,custom_page,https://incsub.com/careers/,,,,0,seed,0.7
inDrive,indrive.com,needs_review,,,,,,,,
Infinite Red,infinite.red,not_found,,,,,,,,
InfluxData,influxdata.com,verified,ats_board,https://jobs.ashbyhq.com/influxdata,https://jobs.ashbyhq.com/influxdata,ashby,influxdata,0,slug_probe,0.9
InQuicker,inquicker.com,not_found,,,,,,,,
Inshorts,zohorecruit.com,verified,custom_page,https://inshorts.zohorecruit.com/careers,,,,0,seed,0.7
Instamobile,instamobile.io,not_found,,,,,,,,
Instructure,instructure.com,verified,custom_page,https://www.instructure.com/about/careers,,,,0,seed,0.7
Intellum,intellum.com,not_found,,,,,,,,
Intent,withintent.com,verified,custom_page,https://withintent.com/careers,,,,0,seed,0.7
Inter.link,inter.link,needs_review,,,,,,,,
Interactive Intelligence,inin.com,verified,custom_page,https://www.inin.com/careers,,,,0,seed,0.7
Intercom,intercom.io,verified,custom_page,https://www.intercom.io/careers,,,,0,seed,0.7
Interpersonal Frequency (I.F.),ifsight.com,not_found,,,,,,,,
Intevity,intevity.com,verified,custom_page,https://www.intevity.com/careers,,,,0,seed,0.7
Intuit Inc.,intuit.com,verified,custom_page,https://www.intuit.com/careers/,,,,0,seed,0.7
"Intuition Machines, Inc.",imachines.com,needs_review,,,,,,,,
Invesco,invesco.com,needs_review,,,,,,,,
IOHK,iohk.io,verified,custom_page,https://iohk.io/careers/,,,,0,seed,0.7
IOpipe,angel.co,needs_review,,,,,,,,
iOS App Templates,iosapptemplates.com,not_found,,,,,,,,
IPInfo,ipinfo.io,verified,custom_page,https://ipinfo.io/jobs,,,,0,seed,0.7
"IPS Group, Inc.",ipsgroupinc.com,verified,custom_page,https://www.ipsgroupinc.com/careers/,,,,0,seed,0.7
IQVIA,iqvia.com,needs_review,,,,,,,,
iRonin,ironin.it,needs_review,,,,,,,,
Iterative,iterative.ai,not_found,,,,,,,,
iwantmyname,iwantmyname.com,not_found,,,,,,,,
Jackson River,jacksonriver.com,not_found,,,,,,,,
Jaya Tech,jaya.tech,not_found,,,,,,,,
JBS Custom Software Solutions,jbssolutions.com,not_found,,,,,,,,
Jitbit,jitbit.com,not_found,,,,,,,,
Jitera,angel.co,needs_review,,,,,,,,
Jobsity,jobsity.com,needs_review,,,,,,,,
Jolly Good Code,jollygoodcode.com,not_found,,,,,,,,
JOOR,joor.com,verified,custom_page,https://joor.com/careers/,,,,0,seed,0.7
journy.io,angel.co,needs_review,,,,,,,,
Joyent,joyent.com,not_found,,,,,,,,
JupiterOne,jupiterone.com,not_found,,,,,,,,
Kake,kake.co,not_found,,,,,,,,
Karat,karat.com,verified,ats_board,https://boards.greenhouse.io/karat,https://boards.greenhouse.io/karat,greenhouse,karat,11,slug_probe,0.9
Kaufland e-commerce,kaufland-ecommerce.com,needs_review,,,,,,,,
kea,kea.ai,needs_review,,,,,,,,
Keen IO,scaleworks.com,verified,custom_page,https://www.scaleworks.com/join-the-team,,,,0,seed,0.7
Kentik Technologies Inc.,kentik.com,verified,ats_board,https://boards.greenhouse.io/kentik,https://boards.greenhouse.io/kentik,greenhouse,kentik,5,slug_probe,0.9
Kestra,kestra.io,verified,ats_board,https://jobs.ashbyhq.com/kestra,https://jobs.ashbyhq.com/kestra,ashby,kestra,0,slug_probe,0.9
Khan Academy,khanacademy.org,verified,custom_page,https://www.khanacademy.org/careers,,,,0,seed,0.7
KickBack Rewards Systems,kickbacksystems.com,not_found,,,,,,,,
Kindred,ashbyhq.com,verified,ats_board,https://jobs.ashbyhq.com/kindred,https://jobs.ashbyhq.com/kindred,ashby,kindred,0,seed,0.9
Kinsta,kinsta.com,verified,custom_page,https://kinsta.com/careers/,,,,0,seed,0.7
Kiprosh,kiprosh.com,verified,custom_page,https://kiprosh.com/careers,,,,0,seed,0.7
KissMetrics,kissmetrics.com,not_found,,,,,,,,
Klanik,klanik.com,needs_review,,,,,,,,
Klaviyo,klaviyo.com,verified,custom_page,https://www.klaviyo.com/careers#open-roles,,,,0,seed,0.7
Knack,knack.com,verified,ats_board,https://boards.greenhouse.io/knack,https://boards.greenhouse.io/knack,greenhouse,knack,0,slug_probe,0.9
Kodify,linkedin.com,needs_review,,,,,,,,
Koding,koding.com,needs_review,,,,,,,,
Komoot,komoot.com,not_found,,,,,,,,
Kona,heykona.com,verified,custom_page,https://www.heykona.com/careers,,,,0,seed,0.7
Konkurenta,konkurenta.com,verified,custom_page,https://konkurenta.com/jobs,,,,0,seed,0.7
Kraken,lever.co,verified,ats_board,https://jobs.lever.co/kraken,https://jobs.lever.co/kraken,lever,kraken,0,seed,0.9
Kuali,kuali.co,not_found,,,,,,,,
Labelbox,labelbox.com,needs_review,,,,,,,,
Lambda School,lambdaschool.com,verified,custom_page,https://lambdaschool.com/careers/,,,,0,seed,0.7
Lambert Labs,lambertlabs.com,needs_review,,,,,,,,
LaterPay,laterpay.net,not_found,,,,,,,,
Launch Potato,launchpotato.com,verified,custom_page,https://launchpotato.com/careers,,,,0,seed,0.7
Leadership Success,leadershipsuccess.co,not_found,,,,,,,,
Leadfeeder,leadfeeder.com,verified,custom_page,https://www.leadfeeder.com/careers/,,,,0,seed,0.7
LeadIQ,leadiq.com,verified,custom_page,https://leadiq.com/careers,,,,0,seed,0.7
Let's Encrypt,letsencrypt.org,verified,custom_page,https://letsencrypt.org/jobs/,,,,0,seed,0.7
Lifen,lever.co,verified,ats_board,https://jobs.lever.co/lifen,https://jobs.lever.co/lifen,lever,lifen,0,seed,0.9
Lifetime Value Company,ltvco.com,not_found,,,,,,,,
Lightspeed,lightspeedhq.com,verified,custom_page,https://www.lightspeedhq.com/careers/,,,,0,seed,0.7
Linaro,linaro.org,verified,custom_page,https://www.linaro.org/careers/,,,,0,seed,0.7
Lincoln Loop,lincolnloop.com,not_found,,,,,,,,
LINE Plus Corporation,linepluscorp.com,not_found,,,,,,,,
Linear,linear.app,verified,custom_page,https://linear.app/careers,,,,0,seed,0.7
Link11,link11.com,needs_review,,,,,,,,
Linux Foundation,linuxfoundation.org,verified,custom_page,https://www.linuxfoundation.org/careers,,,,0,seed,0.7
LionSher,lionsher.com,not_found,,,,,,,,
Litmus Software,litmus.com,verified,ats_board,https://jobs.ashbyhq.com/litmus,https://jobs.ashbyhq.com/litmus,ashby,litmus,0,slug_probe,0.9
LivePerson,liveperson.com,verified,ats_board,https://boards.greenhouse.io/liveperson,https://boards.greenhouse.io/liveperson,greenhouse,liveperson,7,slug_probe,0.9
Loadsys Web Strategies,loadsys.com,not_found,,,,,,,,
Localistico,localistico.com,not_found,,,,,,,,
Locus Robotics,locusrobotics.com,verified,ats_board,https://boards.greenhouse.io/locusrobotics,https://boards.greenhouse.io/locusrobotics,greenhouse,locusrobotics,6,slug_probe,0.9
LogDNA,logdna.com,not_found,,,,,,,,
LogDog,log.dog,not_found,,,,,,,,
LogRocket,logrocket.com,verified,ats_board,https://jobs.lever.co/logrocket,https://jobs.lever.co/logrocket,lever,logrocket,8,slug_probe,0.9
Lorum,lorum.com,needs_review,,,,,,,,
Lullabot,lullabot.com,verified,custom_page,https://www.lullabot.com/jobs,,,,0,seed,0.7
Luxoft,luxoft.com,not_found,,,,,,,,
Luxor Technology,ashbyhq.com,verified,ats_board,https://jobs.ashbyhq.com/luxor,https://jobs.ashbyhq.com/luxor,ashby,luxor,0,seed,0.9
Lyseon Tech,lt.coop.br,not_found,,,,,,,,
Lytx,lytx.com,not_found,,,,,,,,
madewithlove,madewithlove.com,verified,custom_page,https://madewithlove.com/careers/,,,,0,seed,0.7
Madisoft,madisoft.it,needs_review,,,,,,,,
MailerLite,mailerlite.com,verified,custom_page,https://www.mailerlite.com/jobs/,,,,0,seed,0.7
MaintainNow,maintainnow.app,not_found,,,,,,,,
Manifold,manifold.co,not_found,,,,,,,,
Mapbox,mapbox.com,verified,custom_page,https://www.mapbox.com/careers,,,,0,seed,0.7
Marco Polo,marcopolo.me,verified,custom_page,https://marcopolo.me/jobs,,,,0,seed,0.7
MariaDB,mariadb.com,needs_review,,,,,,,,
Marketade,marketade.com,not_found,,,,,,,,
MarsBased,marsbased.com,verified,custom_page,https://marsbased.com/jobs,,,,0,seed,0.7
Massive Pixel Creation,massivepixel.io,verified,custom_page,https://massivepixel.io/careers/,,,,0,seed,0.7
Mattermost,mattermost.com,verified,ats_board,https://boards.greenhouse.io/mattermost,https://boards.greenhouse.io/mattermost,greenhouse,mattermost,14,slug_probe,0.9
Maxicus,remoters.net,needs_review,,,,,,,,
Mayven Studios,mayvenstudios.com,not_found,,,,,,,,
Mayvue Solutions,mayvue.com,verified,custom_page,https://mayvue.com/careers/,,,,0,seed,0.7
Meant4,meant4.com,not_found,,,,,,,,
"Mediacurrent Interactive Solutions, LLC",mediacurrent.com,not_found,,,,,,,,
Mediavine,workable.com,needs_review,,,,,,,,
Medium,medium.com,verified,ats_board,https://boards.greenhouse.io/medium,https://boards.greenhouse.io/medium,greenhouse,medium,1,slug_probe,0.9
Meduzzen,meduzzen.com,verified,custom_page,https://meduzzen.com/careers,,,,0,seed,0.7
Memberful,memberful.com,verified,custom_page,https://memberful.com/careers,,,,0,seed,0.7
Memory,memory.ai,verified,custom_page,https://memory.ai/jobs,,,,0,seed,0.7
Mercari,mercari.com,needs_review,,,,,,,,
Merico,merico.dev,not_found,,,,,,,,
MeridianLink,meridianlink.com,verified,custom_page,https://www.meridianlink.com/careers,,,,0,seed,0.7
messagebird,messagebird.com,verified,custom_page,https://messagebird.com/careers#jobs,,,,0,seed,0.7
MetaLab,metalab.co,verified,custom_page,https://www.metalab.co/careers,,,,0,seed,0.7
MetaMask,greenhouse.io,verified,ats_board,https://boards.greenhouse.io/consensys/jobs/1990589,https://boards.greenhouse.io/consensys/jobs/1990589,greenhouse,consensys,0,seed,0.9
MeteorOps,meteorops.com,verified,custom_page,https://meteorops.com/careers,,,,0,seed,0.7
Microsoft,microsoft.com,needs_review,,,,,,,,
Mindful,getmindful.com,in_progress,,,,,,,,
Mixcloud,workable.com,needs_review,,,,,,,,
Mixmax,mixmax.com,needs_review,,,,,,,,
MixRank,ycombinator.com,needs_review,,,,,,,,
Mobile Jazz,mobilejazz.com,verified,custom_page,https://mobilejazz.com/jobs,,,,0,seed,0.7
Modern Health,greenhouse.io,verified,ats_board,https://boards.greenhouse.io/modernhealth,https://boards.greenhouse.io/modernhealth,greenhouse,modernhealth,0,seed,0.9
Modern Tribe,tri.be,verified,custom_page,https://tri.be/careers/,,,,0,seed,0.7
MODSQUAD,modsquad.com,verified,custom_page,https://modsquad.com/careers/,,,,0,seed,0.7
Molteo,join.com,needs_review,,,,,,,,
MongoDB,mongodb.com,needs_review,,,,,,,,
Monthly,monthly.com,verified,custom_page,https://monthly.com/careers,,,,0,seed,0.7
Mozilla,mozilla.org,needs_review,,,,,,,,
mtc.,mtcmedia.co.uk,verified,custom_page,https://www.mtcmedia.co.uk/careers,,,,0,seed,0.7
Muck Rack,muckrack.com,verified,custom_page,https://muckrack.com/careers,,,,0,seed,0.7
Mux,mux.com,verified,custom_page,https://mux.com/jobs,,,,0,seed,0.7
MVPMule,mvpmule.com,not_found,,,,,,,,
Mycelium,mycelium.ventures,not_found,,,,,,,,
MySQL,mysql.com,not_found,,,,,,,,
Nagarro,nagarro.com,needs_review,,,,,,,,
Namecheap,namecheap.com,verified,custom_page,https://www.namecheap.com/careers/openings/,,,,0,seed,0.7
Nationwide,eightfold.ai,verified,custom_page,https://nationwide.eightfold.ai/careers,,,,0,seed,0.7
Nearform,nearform.com,verified,custom_page,https://www.nearform.com/careers/,,,,0,seed,0.7
nerdwallet,nerdwallet.com,verified,ats_board,https://jobs.ashbyhq.com/nerdwallet,https://jobs.ashbyhq.com/nerdwallet,ashby,nerdwallet,0,slug_probe,0.9
NetApp,netapp.com,not_found,,,,,,,,
Netguru,netguru.com,needs_review,,,,,,,,
Netlify,netlify.com,verified,ats_board,https://boards.greenhouse.io/netlify,https://boards.greenhouse.io/netlify,greenhouse,netlify,4,slug_probe,0.9
Netris,netris.io,verified,ats_board,https://jobs.ashbyhq.com/netris,https://jobs.ashbyhq.com/netris,ashby,netris,0,slug_probe,0.9
Netsparker,netsparker.com,verified,custom_page,https://www.netsparker.com/jobs/,,,,0,seed,0.7
Nettl Edinburgh,webdesignedinburgh.com,not_found,,,,,,,,
New Context,newcontext.com,verified,custom_page,https://www.newcontext.com/careers/,,,,0,seed,0.7
NEXT,nexttrucking.com,verified,custom_page,https://www.nexttrucking.com/careers/,,,,0,seed,0.7
No Code No Problem,nocodenoprob.com,not_found,,,,,,,,
NodeSource,nodesource.com,not_found,,,,,,,,
NoRedInk,noredink.com,needs_review,,,,,,,,
Novoda,novoda.com,not_found,,,,,,,,
Nozbe,nozbe.com,needs_review,,,,,,,,
npm,npmjs.com,verified,custom_page,https://www.npmjs.com/jobs,,,,0,seed,0.7
Nuage,nuagebiz.tech,verified,custom_page,https://nuagebiz.tech/careers/,,,,0,seed,0.7
Nuharbor Security,nuharborsecurity.com,verified,custom_page,https://www.nuharborsecurity.com/careers#job-openings,,,,0,seed,0.7
Nuna Inc,nuna.com,verified,custom_page,https://www.nuna.com/careers,,,,0,seed,0.7
Nvidia,myworkdayjobs.com,needs_review,,,,,,,,
Ocient,ocient.com,needs_review,,,,,,,,
Octopus Deploy,octopus.com,needs_review,,,,,,,,
Oddball,oddball.io,verified,custom_page,https://oddball.io/jobs,,,,0,seed,0.7
Okta,okta.com,needs_review,,,,,,,,
Olark,olark.com,verified,custom_page,https://www.olark.com/jobs,,,,0,seed,0.7
Olist,olist.com,not_found,,,,,,,,
Ollie Order,forms.gle,needs_review,,,,,,,,
Ollie,lever.co,verified,ats_board,https://jobs.lever.co/myollie,https://jobs.lever.co/myollie,lever,myollie,0,seed,0.9
Olo,olo.com,verified,ats_board,https://jobs.lever.co/olo,https://jobs.lever.co/olo,lever,olo,12,slug_probe,0.9
Ombu Labs,ombulabs.com,verified,custom_page,https://www.ombulabs.com/jobs,,,,0,seed,0.7
OmniTI,omniti.com,needs_review,,,,,,,,
On The Go Systems,onthegosystems.com,verified,custom_page,https://onthegosystems.com/jobs/,,,,0,seed,0.7
Onna,onna.com,not_found,,,,,,,,
Opencity Labs Srl,opencitylabs.it,not_found,,,,,,,,
OpenCraft,opencraft.com,not_found,,,,,,,,
OpenRouter,openrouter.ai,verified,custom_page,https://openrouter.ai/careers,,,,0,seed,0.7
OpenZeppelin,openzeppelin.com,verified,custom_page,https://www.openzeppelin.com/careers,,,,0,seed,0.7
Optoro,optoro.com,not_found,,,,,,,,
Oracle,oracle.com,needs_review,,,,,,,,
Ordermentum,ordermentum.com,not_found,,,,,,,,
O'Reilly Media,oreilly.com,verified,custom_page,https://www.oreilly.com/careers/,,,,0,seed,0.7
O'Reilly Online Learning,oreilly.com,verified,custom_page,https://www.oreilly.com/careers/#positions,,,,0,seed,0.7
Our-Hometown Inc.,our-hometown.com,not_found,,,,,,,,
OutsourcingDev,outsourcingdev.com,verified,custom_page,https://www.outsourcingdev.com/careers/,,,,0,seed,0.7
Over,madewithover.com,not_found,,,,,,,,
Oyster HR,oysterhr.com,verified,custom_page,https://www.oysterhr.com/careers,,,,0,seed,0.7
Packlink,packlink.com,verified,custom_page,https://careers.packlink.com/jobs,,,,0,seed,0.7
Pagepro,pagepro.co,not_found,,,,,,,,
PagerDuty,pagerduty.com,verified,ats_board,https://boards.greenhouse.io/pagerduty,https://boards.greenhouse.io/pagerduty,greenhouse,pagerduty,53,slug_probe,0.9
Paktor,gopaktor.com,needs_review,,,,,,,,
Palantir.net,bamboohr.com,verified,custom_page,https://palantir.bamboohr.com/careers,,,,0,seed,0.7
Panther Labs,runpanther.io,verified,ats_board,https://boards.greenhouse.io/pantherlabs,https://boards.greenhouse.io/pantherlabs,greenhouse,pantherlabs,0,slug_probe,0.9
Parabol,parabol.co,not_found,,,,,,,,
Parexel,parexel.com,needs_review,,,,,,,,
Park Assist,parkassist.com,verified,custom_page,https://tech.parkassist.com/jobs/,,,,0,seed,0.7
Parsely,parse.ly,verified,custom_page,https://www.parse.ly/careers,,,,0,seed,0.7
Particular Software,particular.net,verified,custom_page,https://particular.net/careers,,,,0,seed,0.7
Pathable,pathable.com,verified,custom_page,https://pathable.com/careers/,,,,0,seed,0.7
Payfully,angel.co,needs_review,,,,,,,,
Paylocity,paylocity.com,verified,custom_page,https://www.paylocity.com/careers/career-opportunities/,,,,0,seed,0.7
PayPay Corporation,paypay.ne.jp,verified,ats_board,https://boards.greenhouse.io/paypay,https://boards.greenhouse.io/paypay,greenhouse,paypay,81,slug_probe,0.9
PayScale,smartrecruiters.com,needs_review,,,,,,,,
Paytm Labs,paytmlabs.com,needs_review,,,,,,,,
PayU,payu.com,needs_review,,,,,,,,
PeachWorks,getbeyond.com,needs_review,,,,,,,,
Peakforce,peakforce.dev,needs_review,,,,,,,,
Percona,percona.com,verified,custom_page,https://www.percona.com/careers/,,,,0,seed,0.7
Pex,pex.com,verified,custom_page,https://pex.com/careers/,,,,0,seed,0.7
PhantomBuster,phantombuster.com,verified,custom_page,https://careers.phantombuster.com/jobs,,,,0,seed,0.7
Picpay,picpay.com,needs_review,,,,,,,,
Pindrop,pindrop.com,needs_review,,,,,,,,
Plai,plai.team,not_found,,,,,,,,
Plaid,plaid.com,verified,custom_page,https://plaid.com/careers/,,,,0,seed,0.7
Platform Builders,kenoby.com,needs_review,,,,,,,,
platform.sh,platform.sh,needs_review,,,,,,,,
Pleo,pleo.io,needs_review,,,,,,,,
Plex,plex.tv,verified,custom_page,https://www.plex.tv/careers/,,,,0,seed,0.7
Pluralsight,pluralsight.com,verified,custom_page,https://www.pluralsight.com/careers,,,,0,seed,0.7
PNC Financial Services,pnc.com,needs_review,,,,,,,,
Polygon,polygon.technology,not_found,,,,,,,,
Positiwise,positiwise.com,verified,custom_page,https://positiwise.com/careers,,,,0,seed,0.7
PostHog,posthog.com,verified,custom_page,https://posthog.com/careers,,,,0,seed,0.7
PowerSchool,powerschool.com,needs_review,,,,,,,,
Pragma,pragma.com.co,needs_review,,,,,,,,
Precision Nutrition,precisionnutrition.com,verified,custom_page,https://www.precisionnutrition.com/jobs,,,,0,seed,0.7
Predict Mobile,predictmobile.com,not_found,,,,,,,,
Prelude,prelude.co,verified,custom_page,https://www.prelude.co/careers,,,,0,seed,0.7
PreviousNext,previousnext.com.au,not_found,,,,,,,,
Prezi,prezi.com,not_found,,,,,,,,
Prezly,prezly.com,not_found,,,,,,,,
Primer,primer.io,verified,ats_board,https://jobs.ashbyhq.com/primer,https://jobs.ashbyhq.com/primer,ashby,primer,0,slug_probe,0.9
Primotly,primotly.com,needs_review,,,,,,,,
Prisma,prisma.io,verified,custom_page,https://www.prisma.io/careers,,,,0,seed,0.7
PrivacyCloud,github.com,needs_review,,,,,,,,
Procenge,procenge.com.br,not_found,,,,,,,,
Procurify,procurify.com,verified,ats_board,https://jobs.ashbyhq.com/procurify,https://jobs.ashbyhq.com/procurify,ashby,procurify,0,slug_probe,0.9
Progress Engine,progress-engine.com,needs_review,,,,,,,,
Prominent Edge,prominentedge.com,verified,ats_board,https://jobs.lever.co/prominentedge,https://jobs.lever.co/prominentedge,lever,prominentedge,2,slug_probe,0.9
Puppet,puppet.com,needs_review,,,,,,,,
PwC,pwc.com,needs_review,,,,,,,,
Qatium,recruitee.com,needs_review,,,,,,,,
Quaderno,quaderno.io,verified,custom_page,https://quaderno.io/jobs/,,,,0,seed,0.7
Quantify,angel.co,needs_review,,,,,,,,
QuestDB,questdb.io,verified,custom_page,https://questdb.io/careers,,,,0,seed,0.7
QuickTrials,quicktrials.com,needs_review,,,,,,,,
Quora,quora.com,verified,custom_page,https://www.quora.com/careers/,,,,0,seed,0.7
Rackspace,rackspace.com,verified,ats_board,https://jobs.lever.co/rackspace,https://jobs.lever.co/rackspace,lever,rackspace,0,slug_probe,0.9
Raft,goraft.tech,verified,ats_board,https://boards.greenhouse.io/raft,https://boards.greenhouse.io/raft,greenhouse,raft,18,slug_probe,0.9
Railscarma,railscarma.com,verified,custom_page,https://www.railscarma.com/careers/,,,,0,seed,0.7
Railway,railway.com,verified,custom_page,https://railway.com/careers,,,,0,seed,0.7
Rainforest QA,rainforestqa.com,not_found,,,,,,,,
Rakuten Travel Xchange,rakuten.com,verified,custom_page,https://solutions.travel.rakuten.com/jobs,,,,0,seed,0.7
Ramp,ramp.com,verified,custom_page,https://ramp.com/careers,,,,0,seed,0.7
Raycast,raycast.com,verified,custom_page,https://www.raycast.com/careers,,,,0,seed,0.7
Reaction Commerce,reactioncommerce.com,not_found,,,,,,,,
"ReactiveOps, Inc.",reactiveops.com,not_found,,,,,,,,
RealtimeCRM,realtimecrm.co.uk,not_found,,,,,,,,
RebelMouse,rebelmouse.com,not_found,,,,,,,,
Reboot Studio,reboot.studio,not_found,,,,,,,,
ReCharge Payments,greenhouse.io,verified,ats_board,https://boards.greenhouse.io/recharge,https://boards.greenhouse.io/recharge,greenhouse,recharge,0,seed,0.9
Rechat,rippling-ats.com,needs_review,,,,,,,,
Recurly,recurly.com,verified,custom_page,https://recurly.com/jobs/,,,,0,seed,0.7
Red Hat,redhat.com,needs_review,,,,,,,,
Reddit,redditinc.com,verified,custom_page,https://www.redditinc.com/careers,,,,0,seed,0.7
Redlio Labs,redliolabs.com,verified,custom_page,https://redliolabs.com/careers,,,,0,seed,0.7
RedMonk,redmonk.com,needs_review,,,,,,,,
Redox,redoxengine.com,needs_review,,,,,,,,
Reducer,reducer.co.uk,not_found,,,,,,,,
Refundid,refundid.com,not_found,,,,,,,,
reinteractive,reinteractive.com,in_progress,,,,,,,,
Remote Garage,angel.co,needs_review,,,,,,,,
RemoteBase,workable.com,needs_review,,,,,,,,
RemoteMore,remotemore.com,verified,custom_page,https://remotemore.com/careers/,,,,0,seed,0.7
Renaissance,smartrecruiters.com,needs_review,,,,,,,,
Render,render.com,verified,custom_page,https://render.com/careers,,,,0,seed,0.7
Rendr Software Group,rendrhq.com,needs_review,,,,,,,,
RenoFi,renofi.com,verified,custom_page,https://renofi.com/careers/,,,,0,seed,0.7
Replit,replit.com,verified,custom_page,https://replit.com/careers,,,,0,seed,0.7
Research Square,researchsquare.com,needs_review,,,,,,,,
Resend,resend.com,verified,custom_page,https://resend.com/careers,,,,0,seed,0.7
Retool,retool.com,verified,custom_page,https://retool.com/careers,,,,0,seed,0.7
RevenueCat,revenuecat.com,verified,custom_page,https://www.revenuecat.com/careers/,,,,0,seed,0.7
Revolgy,revolgy.com,needs_review,,,,,,,,
Revolut,revolut.com,verified,custom_page,https://www.revolut.com/careers/,,,,0,seed,0.7
Roadpass Digital,applytojob.com,needs_review,,,,,,,,
Roadtrippers,roadtrippers.com,verified,custom_page,https://www.roadtrippers.com/careers,,,,0,seed,0.7
Rocket.Chat,rocket.chat,verified,custom_page,https://rocket.chat/jobs,,,,0,seed,0.7
Roundproxies,roundproxies.com,not_found,,,,,,,,
rtCamp Solutions,rtcamp.com,not_found,,,,,,,,
SadaPay,sadapay.pk,verified,custom_page,https://sadapay.pk/careers/,,,,0,seed,0.7
Safeguard Global,safeguardglobal.com,needs_review,,,,,,,,
Salesforce,myworkdayjobs.com,needs_review,,,,,,,,
Sandhills Development,sandhillsdev.com,not_found,,,,,,,,
Sardine.ai,sardine.ai,verified,custom_page,https://www.sardine.ai/careers,,,,0,seed,0.7
Scalac,scalac.io,verified,custom_page,https://scalac.io/careers/,,,,0,seed,0.7
Scaloy Technology LLP,scaloy.com,not_found,,,,,,,,
Scandit,scandit.com,verified,custom_page,https://www.scandit.com/careers/,,,,0,seed,0.7
Schnell Solutions Limited,bespokesoftwaredevelopment.com,not_found,,,,,,,,
Scopic Software,scopicsoftware.com,not_found,,,,,,,,
ScrapingBee,scrapingbee.com,not_found,,,,,,,,
Scrapinghub,scrapinghub.com,not_found,,,,,,,,
Scribd,scribdinc.com,verified,custom_page,https://www.scribdinc.com/careers,,,,0,seed,0.7
ScyllaDB,scylladb.com,needs_review,,,,,,,,
Seaplane,smartrecruiters.com,needs_review,,,,,,,,
SearchApi,searchapi.io,verified,custom_page,https://www.searchapi.io/careers,,,,0,seed,0.7
SeatGeek,seatgeek.com,verified,custom_page,https://seatgeek.com/jobs?departments=softwareengineering&locations=all,,,,0,seed,0.7
SecurityScorecard,securityscorecard.com,needs_review,,,,,,,,
Seeq,seeq.com,verified,custom_page,https://www.seeq.com/careers/,,,,0,seed,0.7
Semaphore,semaphoreci.com,not_found,,,,,,,,
Sendwave (International Remittance),sendwave.com,not_found,,,,,,,,
SEO Inc.,seoinc.com,needs_review,,,,,,,,
SerpApi,serpapi.com,verified,custom_page,https://serpapi.com/careers,,,,0,seed,0.7
Server Density,serverdensity.com,not_found,,,,,,,,
ServMask,servmask.com,not_found,,,,,,,,
Session,getsession.com,needs_review,,,,,,,,
Shareup,shareup.app,verified,custom_page,https://shareup.app/jobs/,,,,0,seed,0.7
Shattered Silicon,shatteredsilicon.net,not_found,,,,,,,,
Shippabo,workable.com,needs_review,,,,,,,,
Shogun,angel.co,needs_review,,,,,,,,
Shopify,shopify.com,verified,custom_page,https://www.shopify.com/careers,,,,0,seed,0.7
Sigma Defense,sigmadefense.com,verified,custom_page,https://sigmadefense.com/careers/,,,,0,seed,0.7
SignEasy,signeasy.com,verified,custom_page,https://signeasy.com/careers,,,,0,seed,0.7
Silverfin,silverfin.com,verified,custom_page,https://www.silverfin.com/careers,,,,0,seed,0.7
simplabs,x.com,needs_review,,,,,,,,
SimpleTexting,simpletexting.com,not_found,,,,,,,,
Six to Start,sixtostart.com,not_found,,,,,,,,
Sketch,ashbyhq.com,verified,ats_board,https://jobs.ashbyhq.com/sketch/3cd3f073-2fae-40be-a072-65d56e89a1dd,https://jobs.ashbyhq.com/sketch/3cd3f073-2fae-40be-a072-65d56e89a1dd,ashby,sketch,0,seed,0.9
Skillcrush,breezy.hr,needs_review,,,,,,,,
Skillshare,skillshare.com,not_found,,,,,,,,
Skyrocket Ventures,linkedin.com,needs_review,,,,,,,,
Slack,slack.com,not_found,,,,,,,,
SmartCash,smartcash.cc,not_found,,,,,,,,
Smile.io,smile.io,verified,custom_page,https://smile.io/careers,,,,0,seed,0.7
Smmile Digital,smmile.com,needs_review,,,,,,,,
SmugMug,smugmug.com,needs_review,,,,,,,,
Socket Supply Co,socketsupply.co,verified,custom_page,https://socketsupply.co/jobs/,,,,0,seed,0.7
SoftwareMill,softwaremill.com,verified,custom_page,https://softwaremill.com/join-us,,,,0,seed,0.7
Sommo,sommo.io,not_found,,,,,,,,
Sonatype,sonatype.com,needs_review,,,,,,,,
Soostone,soostone.com,needs_review,,,,,,,,
"Soshace, LLC.",soshace.com,verified,custom_page,https://soshace.com/careers,,,,0,seed,0.7
Sourcegraph,sourcegraph.com,not_found,,,,,,,,
"Spoqa, Inc.",spoqa.co.kr,verified,custom_page,https://spoqa.co.kr/careers/#recruit,,,,0,seed,0.7
Spotify,lifeatspotify.com,verified,custom_page,https://www.lifeatspotify.com/jobs,,,,0,seed,0.7
Spreaker,spreaker.com,needs_review,,,,,,,,
Spreedly,spreedly.com,verified,custom_page,https://www.spreedly.com/careers,,,,0,seed,0.7
Spruce,getspruce.com,verified,custom_page,https://getspruce.com/careers/,,,,0,seed,0.7
Stack Exchange,stackexchange.com,needs_review,,,,,,,,
Stairlin,stairlin.com,not_found,,,,,,,,
Status,status.im,needs_review,,,,,,,,
Stencil,getstencil.com,not_found,,,,,,,,
Sticker Mule,stickermule.com,verified,custom_page,https://www.stickermule.com/careers,,,,0,seed,0.7
Stitch Fix,stitchfix.com,verified,custom_page,https://www.stitchfix.com/careers/jobs,,,,0,seed,0.7
StoneCo,stone.co,verified,ats_board,https://boards.greenhouse.io/stone,https://boards.greenhouse.io/stone,greenhouse,stone,398,slug_probe,0.9
StormX,stormx.io,verified,custom_page,https://stormx.io/careers,,,,0,seed,0.7
Strapi,strapi.io,not_found,,,,,,,,
StreamNative,streamnative.io,verified,ats_board,https://boards.greenhouse.io/streamnative,https://boards.greenhouse.io/streamnative,greenhouse,streamnative,1,slug_probe,0.9
Stripe,stripe.com,verified,custom_page,https://stripe.com/jobs,,,,0,seed,0.7
StudySoup,studysoup.com,needs_review,,,,,,,,
Supabase,supabase.com,verified,custom_page,https://supabase.com/careers,,,,0,seed,0.7
Superplayer & Co,superplayer.company,not_found,,,,,,,,
Surevine,surevine.com,verified,custom_page,https://surevine.com/careers,,,,0,seed,0.7
SUSE,suse.com,needs_review,,,,,,,,
Sutherland CloudSource,sutherlandcloudsource.com,not_found,,,,,,,,
Svix,svix.com,verified,custom_page,https://www.svix.com/careers/,,,,0,seed,0.7
SweetRush,sweetrush.com,verified,custom_page,https://www.sweetrush.com/join-us/,,,,0,seed,0.7
Swif.ai,ycombinator.com,verified,ats_board,https://jobs.ashbyhq.com/ycombinator,https://jobs.ashbyhq.com/ycombinator,ashby,ycombinator,0,slug_probe,0.9
Swiggy,swiggy.com,needs_review,,,,,,,,
Swimlane,swimlane.com,verified,custom_page,https://swimlane.com/careers/,,,,0,seed,0.7
Syde,syde.com,needs_review,,,,,,,,
Sysdig,sysdig.com,verified,ats_board,https://jobs.lever.co/sysdig,https://jobs.lever.co/sysdig,lever,sysdig,29,slug_probe,0.9
Tag1 Consulting,tag1consulting.com,not_found,,,,,,,,
Tailscale,tailscale.com,verified,custom_page,https://tailscale.com/careers,,,,0,seed,0.7
Taledo,taledo.com,not_found,,,,,,,,
Taplytics,taplytics.com,not_found,,,,,,,,
Taskade,taskade.com,needs_review,,,,,,,,
TatvaSoft,tatvasoft.com,needs_review,,,,,,,,
TaxJar,taxjar.com,not_found,,,,,,,,
Teamflow,notion.site,needs_review,,,,,,,,
TeamSnap,teamsnap.com,needs_review,,,,,,,,
TeamUltra - an Elite ServiceNow Partner,computacenter.com,needs_review,,,,,,,,
TED,applytojob.com,needs_review,,,,,,,,
Teleport,teleport.org,verified,ats_board,https://jobs.lever.co/teleport,https://jobs.lever.co/teleport,lever,teleport,0,slug_probe,0.9
Telerik,progress.com,needs_review,,,,,,,,
Telestax Inc.,telestax.com,verified,custom_page,https://telestax.com/careers/,,,,0,seed,0.7
Temporal,temporal.io,verified,custom_page,https://temporal.io/careers,,,,0,seed,0.7
Tenable,tenable.com,needs_review,,,,,,,,
Teravision Technologies,teravisiontech.com,not_found,,,,,,,,
Test Double,recruiterbox.com,needs_review,,,,,,,,
TestGorilla,testgorilla.com,verified,custom_page,https://www.testgorilla.com/careers/,,,,0,seed,0.7
The Crafters Lab,thecrafterslab.eu,not_found,,,,,,,,
Ghost,ghost.org,needs_review,,,,,,,,
The Home Depot,homedepot.com,not_found,,,,,,,,
The Planet Group,theplanetgroup.com,not_found,,,,,,,,
The Publisher Desk,publisherdesk.com,not_found,,,,,,,,
The Scale Factory,scalefactory.com,needs_review,,,,,,,,
The Wirecutter,thewirecutter.com,verified,custom_page,https://thewirecutter.com/jobs/,,,,0,seed,0.7
TheoremOne,theoremone.co,not_found,,,,,,,,
Thinkful,thinkful.com,verified,custom_page,https://www.thinkful.com/about/careers/,,,,0,seed,0.7
Third Iron,thirdiron.com,not_found,,,,,,,,
Thorn,thorn.org,verified,custom_page,https://www.thorn.org/careers/,,,,0,seed,0.7
Three Movers,threemovers.com,not_found,,,,,,,,
Thrive Market,thrivemarketjobs.com,needs_review,,,,,,,,
Tide,tide.co,verified,custom_page,https://www.tide.co/careers/#jobs,,,,0,seed,0.7
Time Doctor,timedoctor.com,verified,custom_page,https://www.timedoctor.com/careers,,,,0,seed,0.7
TimeSpot,timespothq.com,not_found,,,,,,,,
Tipe,angel.co,needs_review,,,,,,,,
Toast,toasttab.com,needs_review,,,,,,,,
toggl,toggl.com,needs_review,,,,,,,,
Toptal,toptal.com,verified,custom_page,https://www.toptal.com/careers,,,,0,seed,0.7
Tower,git-tower.com,needs_review,,,,,,,,
TractionBoard,tractionboard.io,not_found,,,,,,,,
Transfeera,transfeera.com,needs_review,,,,,,,,
Transition Technologies - Advanced Solutions,tt.com.pl,needs_review,,,,,,,,
Transloadit,x.com,needs_review,,,,,,,,
Travis CI,travis-ci.org,in_progress,,,,,,,,
Travis,travistravis.co,needs_review,,,,,,,,
Treehouse,teamtreehouse.com,verified,custom_page,https://teamtreehouse.com/jobs,,,,0,seed,0.7
Treez,treez.io,verified,custom_page,https://www.treez.io/careers,,,,0,seed,0.7
Trello,atlassian.com,needs_review,,,,,,,,
Tribe,tribexyz.com,verified,custom_page,https://www.tribexyz.com/careers,,,,0,seed,0.7
Truelogic,truelogicsoftware.com,verified,ats_board,https://jobs.lever.co/truelogicsoftware,https://jobs.lever.co/truelogicsoftware,lever,truelogicsoftware,0,slug_probe,0.9
TrussWorks,truss.works,verified,custom_page,https://truss.works/jobs,,,,0,seed,0.7
Tuft & Needle,tn.com,needs_review,,,,,,,,
Turing,turing.com,needs_review,,,,,,,,
Turtlemint,turtlemint.com,verified,custom_page,https://careers.turtlemint.com/jobs,,,,0,seed,0.7
Twilio,twilio.com,needs_review,,,,,,,,
Two,two.ai,not_found,,,,,,,,
Tyk,tyk.io,not_found,,,,,,,,
Udacity,udacity.com,verified,custom_page,https://www.udacity.com/jobs,,,,0,seed,0.7
Uhuru,uhurunetwork.com,needs_review,,,,,,,,
Uncapped,weareuncapped.com,verified,custom_page,https://www.weareuncapped.com/careers,,,,0,seed,0.7
upcell,upcell.io,needs_review,,,,,,,,
Upwork Pro,upwork.com,verified,custom_page,https://careers.upwork.com/jobs/search,,,,0,seed,0.7
Upworthy,upworthy.com,not_found,,,,,,,,
USAA,usaajobs.com,needs_review,,,,,,,,
Ushahidi,workable.com,needs_review,,,,,,,,
uShip,uship.com,verified,custom_page,https://about.uship.com/careers/,,,,0,seed,0.7
v0 report,v0.report,not_found,,,,,,,,
Valimail,valimail.com,verified,custom_page,https://www.valimail.com/careers/,,,,0,seed,0.7
Varnish Software,varnish-software.com,not_found,,,,,,,,
vast limits,vastlimits.com,needs_review,,,,,,,,
Veeva Systems,veeva.com,needs_review,,,,,,,,
Vercel,vercel.com,verified,custom_page,https://vercel.com/careers,,,,0,seed,0.7
Verve Systems,vervesys.com,not_found,,,,,,,,
Veryfi,angel.co,needs_review,,,,,,,,
VGS,verygoodsecurity.com,verified,ats_board,https://jobs.lever.co/verygoodsecurity,https://jobs.lever.co/verygoodsecurity,lever,verygoodsecurity,19,slug_probe,0.9
Viperdev,viperdev.io,not_found,,,,,,,,
Virta Health,virtahealth.com,verified,custom_page,https://www.virtahealth.com/careers,,,,0,seed,0.7
Vivo,gupy.io,needs_review,,,,,,,,
VMware,vmware.com,needs_review,,,,,,,,
voiio,voiio.de,needs_review,,,,,,,,
Vox Media (Product Team),voxmedia.com,verified,custom_page,https://www.voxmedia.com/jobs/,,,,0,seed,0.7
Voxy,lever.co,verified,ats_board,https://jobs.lever.co/lever,https://jobs.lever.co/lever,lever,lever,0,slug_probe,0.9
VSHN AG,vshn.ch,not_found,,,,,,,,
WalletHub,wallethub.com,not_found,,,,,,,,
WebDevStudios,webdevstudios.com,verified,custom_page,https://webdevstudios.com/careers/,,,,0,seed,0.7
WebFX,webfx.com,verified,ats_board,https://jobs.lever.co/webfx,https://jobs.lever.co/webfx,lever,webfx,0,slug_probe,0.9
Webikon,webikon.sk,needs_review,,,,,,,,
Webrunners GmbH,webrunners.de,verified,custom_page,https://www.webrunners.de/jobs/,,,,0,seed,0.7
WebScrapingHQ,webscrapinghq.com,not_found,,,,,,,,
Wells Fargo,wellsfargo.com,verified,custom_page,https://www.wellsfargo.com/about/careers/,,,,0,seed,0.7
wemake.services,wemake.services,not_found,,,,,,,,
WeMakeMVP,wemakemvp.com,not_found,,,,,,,,
Whitecap SEO,whitecapseo.com,verified,custom_page,https://www.whitecapseo.com/careers,,,,0,seed,0.7
Whitespectre,glassdoor.com,needs_review,,,,,,,,
WikiHow,wikihow.com,needs_review,,,,,,,,
Wikimedia Foundation,wikimediafoundation.org,verified,custom_page,https://wikimediafoundation.org/jobs/,,,,0,seed,0.7
Wildbit,wildbit.com,verified,custom_page,https://www.wildbit.com/jobs,,,,0,seed,0.7
Willings Inc,willings.co.jp,needs_review,,,,,,,,
Wingify,wingify.com,verified,custom_page,https://wingify.com/careers,,,,0,seed,0.7
Wipro,wipro.com,verified,custom_page,https://careers.wipro.com/careers-home/,,,,0,seed,0.7
WireFuture,wirefuture.com,verified,custom_page,https://wirefuture.com/careers,,,,0,seed,0.7
Wizeline,wizeline.com,verified,custom_page,https://www.wizeline.com/careers/open-roles/,,,,0,seed,0.7
Wolfram,wolfram.com,needs_review,,,,,,,,
Wolverine Trading,wolve.com,needs_review,,,,,,,,
Wombat Security Technologies,myworkdayjobs.com,needs_review,,,,,,,,
WorkOS,workos.com,verified,custom_page,https://workos.com/careers,,,,0,seed,0.7
WP-Media,workable.com,needs_review,,,,,,,,
Wyeworks,wyeworks.com,verified,custom_page,https://www.wyeworks.com/careers,,,,0,seed,0.7
X-Team,x-team.com,not_found,,,,,,,,
Xapo,xapo.com,needs_review,,,,,,,,
XP Inc.,xpi.com.br,needs_review,,,,,,,,
XWP,xwp.co,not_found,,,,,,,,
Yahoo!,yahooinc.com,verified,custom_page,https://www.yahooinc.com/careers/,,,,0,seed,0.7
YAZIO,yazio.com,verified,ats_board,https://jobs.ashbyhq.com/yazio,https://jobs.ashbyhq.com/yazio,ashby,yazio,0,slug_probe,0.9
Yodo1,yodo1.com,verified,custom_page,https://www.yodo1.com/careers,,,,0,seed,0.7
Yonder,yonder.io,not_found,,,,,,,,
You are launched,urlaunched.com,not_found,,,,,,,,
You Need A Budget,youneedabudget.com,verified,custom_page,https://www.youneedabudget.com/careers/,,,,0,seed,0.7
YouCanBook.me Ltd,youcanbook.me,verified,custom_page,https://youcanbook.me/jobs/,,,,0,seed,0.7
ZAMP,zamp.com.br,needs_review,,,,,,,,
Zaneffi,zaneffi.com,not_found,,,,,,,,
Zapier,zapier.com,verified,custom_page,https://zapier.com/jobs/,,,,0,seed,0.7
Zeit.io,zeit.io,needs_review,,,,,,,,
Zemoso,zemosolabs.com,not_found,,,,,,,,
ZenRows,zenrows.com,verified,ats_board,https://boards.greenhouse.io/zenrows,https://boards.greenhouse.io/zenrows,greenhouse,zenrows,0,slug_probe,0.9
Zignaly,discord.com,needs_review,,,,,,,,
Zip Co,zip.co,verified,ats_board,https://jobs.ashbyhq.com/zip,https://jobs.ashbyhq.com/zip,ashby,zip,0,slug_probe,0.9
Zolar,zolar.de,needs_review,,,,,,,,
ZooTools,notion.site,verified,custom_page,https://zootools.notion.site/Careers-at-ZooTools-2e2815794b14415daca297506c54cb69,,,,0,seed,0.7
Zup,greenhouse.io,verified,ats_board,https://boards.greenhouse.io/zupinnovation,https://boards.greenhouse.io/zupinnovation,greenhouse,zupinnovation,0,seed,0.9
